{"textures":{"0":"modelengine:entity/passaro"},"elements":[{"from":[4.4,3.4,6.4],"to":[11.6,13.0,9.6],"faces":{"east":{"uv":[0.095968634,0.0,0.10222745,0.04918033],"tintindex":0,"rotation":0,"texture":"#0"},"south":{"uv":[2.1200001,0.8,2.128,3.2],"tintindex":0,"rotation":0,"texture":"#0"},"north":{"uv":[0.55200005,0.8,0.84000003,3.2],"tintindex":0,"rotation":0,"texture":"#0"},"west":{"uv":[0.095968634,0.0,0.10222745,0.04918033],"tintindex":0,"rotation":0,"texture":"#0"},"up":{"uv":[1.784,1.0,1.8640001,1.8000001],"tintindex":0,"rotation":0,"texture":"#0"},"down":{"uv":[2.1200001,3.2,2.128,4.0],"tintindex":0,"rotation":0,"texture":"#0"}}}],"display":{"gui":{"rotation":[30,225,0]}}}