{"textures":{"0":"modelengine:entity/passaro"},"elements":[{"from":[18.8,3.4,6.4],"to":[26.0,13.0,9.6],"faces":{"east":{"uv":[0.10431373,0.016393444,0.1147451,0.065573774],"tintindex":0,"rotation":0,"texture":"#0"},"south":{"uv":[2.1200001,0.8,2.128,3.2],"tintindex":0,"rotation":0,"texture":"#0"},"north":{"uv":[0.84800005,0.8,1.136,3.2],"tintindex":0,"rotation":0,"texture":"#0"},"west":{"uv":[0.10431373,0.016393444,0.1147451,0.065573774],"tintindex":0,"rotation":0,"texture":"#0"},"up":{"uv":[1.784,1.0,1.8640001,1.8000001],"tintindex":0,"rotation":0,"texture":"#0"},"down":{"uv":[2.1200001,3.2,2.128,4.0],"tintindex":0,"rotation":0,"texture":"#0"}}}],"display":{"gui":{"rotation":[30,225,0]}}}