{"textures":{"0":"modelengine:entity/passaro"},"elements":[{"from":[8.0,6.5,7.0],"to":[9.0,6.5249996,8.0],"faces":{"up":{"uv":[0.035466667,0.32786885,0.03755294,0.31147543],"tintindex":0,"rotation":0,"texture":"#0"},"down":{"uv":[0.03755294,0.31147543,0.03963922,0.32786885],"tintindex":0,"rotation":0,"texture":"#0"}}},{"from":[8.0,6.5,7.975],"to":[9.0,8.5,8.0],"faces":{"north":{"uv":[0.03755294,0.31147543,0.035466667,0.3442623],"tintindex":0,"rotation":0,"texture":"#0"}}}],"display":{"gui":{"rotation":[30,225,0]}}}