{"textures":{"0":"modelengine:entity/stiched_texture copy"},"elements":[{"from":[4.0,2.0,6.0],"to":[12.0,6.0,10.0],"faces":{"east":{"uv":[0.6043437,2.7883818,0.64966947,3.053942],"tintindex":0,"rotation":0,"texture":"#0"},"south":{"uv":[0.8309726,2.7883818,0.95184135,3.053942],"tintindex":0,"rotation":0,"texture":"#0"},"north":{"uv":[0.64966947,2.7883818,0.7705382,3.053942],"tintindex":0,"rotation":0,"texture":"#0"},"west":{"uv":[0.7705382,2.7883818,0.8309726,3.053942],"tintindex":0,"rotation":0,"texture":"#0"},"up":{"uv":[0.7856468,2.7883818,0.6647781,2.5228217],"tintindex":0,"rotation":0,"texture":"#0"},"down":{"uv":[0.89140695,2.5228217,0.7856468,2.7883818],"tintindex":0,"rotation":0,"texture":"#0"}}},{"from":[12.0,2.0,6.0],"to":[16.0,10.0,10.0],"faces":{"east":{"uv":[0.64966947,1.7261412,0.71010387,2.2572615],"tintindex":0,"rotation":0,"texture":"#0"},"south":{"uv":[0.8309726,1.7261412,0.89140695,2.2572615],"tintindex":0,"rotation":0,"texture":"#0"},"north":{"uv":[0.71010387,1.7261412,0.7705382,2.2572615],"tintindex":0,"rotation":0,"texture":"#0"},"west":{"uv":[0.7705382,1.7261412,0.8309726,2.2572615],"tintindex":0,"rotation":0,"texture":"#0"},"up":{"uv":[0.7856468,1.7261412,0.72521245,1.460581],"tintindex":0,"rotation":0,"texture":"#0"},"down":{"uv":[0.8309726,1.460581,0.7856468,1.7261412],"tintindex":0,"rotation":0,"texture":"#0"}}},{"from":[0.0,2.0,6.0],"to":[4.0,10.0,10.0],"faces":{"east":{"uv":[0.8309726,1.7261412,0.7705382,2.2572615],"tintindex":0,"rotation":0,"texture":"#0"},"south":{"uv":[0.89140695,1.7261412,0.8309726,2.2572615],"tintindex":0,"rotation":0,"texture":"#0"},"north":{"uv":[0.7705382,1.7261412,0.71010387,2.2572615],"tintindex":0,"rotation":0,"texture":"#0"},"west":{"uv":[0.71010387,1.7261412,0.64966947,2.2572615],"tintindex":0,"rotation":0,"texture":"#0"},"up":{"uv":[0.72521245,1.7261412,0.7856468,1.460581],"tintindex":0,"rotation":0,"texture":"#0"},"down":{"uv":[0.7856468,1.460581,0.8309726,1.7261412],"tintindex":0,"rotation":0,"texture":"#0"}}}],"display":{"gui":{"rotation":[30,225,0]}}}