{"textures":{"0":"modelengine:entity/stiched_texture copy"},"elements":[{"from":[4.0,-4.0,5.0],"to":[12.0,8.0,11.0],"faces":{"east":{"uv":[0.24173748,1.7261412,0.33238906,2.5228217],"tintindex":0,"rotation":0,"texture":"#0"},"south":{"uv":[0.5439093,1.7261412,0.64966947,2.5228217],"tintindex":0,"rotation":0,"texture":"#0"},"north":{"uv":[0.33238906,1.7261412,0.4532578,2.5228217],"tintindex":0,"rotation":0,"texture":"#0"},"west":{"uv":[0.4532578,1.7261412,0.5439093,2.5228217],"tintindex":0,"rotation":0,"texture":"#0"},"up":{"uv":[0.46836638,1.7261412,0.33238906,1.3278009],"tintindex":0,"rotation":0,"texture":"#0"},"down":{"uv":[0.57412654,1.3278009,0.46836638,1.7261412],"tintindex":0,"rotation":0,"texture":"#0"}}},{"from":[3.5,-10.5,4.5],"to":[12.5,8.5,11.5],"faces":{"east":{"uv":[0.0,2.921162,0.09065156,4.116183],"tintindex":0,"rotation":0,"texture":"#0"},"south":{"uv":[0.30217186,2.921162,0.4230406,4.116183],"tintindex":0,"rotation":0,"texture":"#0"},"north":{"uv":[0.09065156,2.921162,0.2115203,4.116183],"tintindex":0,"rotation":0,"texture":"#0"},"west":{"uv":[0.2115203,2.921162,0.30217186,4.116183],"tintindex":0,"rotation":0,"texture":"#0"},"up":{"uv":[0.2266289,2.921162,0.09065156,2.5228217],"tintindex":0,"rotation":0,"texture":"#0"},"down":{"uv":[0.33238906,2.5228217,0.2266289,2.921162],"tintindex":0,"rotation":0,"texture":"#0"}}}],"display":{"gui":{"rotation":[30,225,0]}}}