{"textures":{"0":"modelengine:entity/stiched_texture copy"},"elements":[{"from":[3.5,7.5,3.5],"to":[12.5,16.5,12.5],"faces":{"east":{"uv":[0.48347497,0.53112036,0.6043437,1.0622407],"tintindex":0,"rotation":0,"texture":"#0"},"south":{"uv":[0.8309726,0.53112036,0.95184135,1.0622407],"tintindex":0,"rotation":0,"texture":"#0"},"north":{"uv":[0.6043437,0.53112036,0.72521245,1.0622407],"tintindex":0,"rotation":0,"texture":"#0"},"west":{"uv":[0.72521245,0.53112036,0.8309726,1.0622407],"tintindex":0,"rotation":0,"texture":"#0"},"up":{"uv":[0.72521245,0.53112036,0.6043437,0.0],"tintindex":0,"rotation":0,"texture":"#0"},"down":{"uv":[0.8309726,0.0,0.72521245,0.53112036],"tintindex":0,"rotation":0,"texture":"#0"}}}],"display":{"gui":{"rotation":[30,225,0]}}}