{"textures":{"0":"modelengine:entity/stiched_texture copy"},"elements":[{"from":[4.0,8.0,4.0],"to":[12.0,18.0,12.0],"faces":{"east":{"uv":[0.0,0.53112036,0.12086874,1.1950208],"tintindex":0,"rotation":0,"texture":"#0"},"south":{"uv":[0.36260623,0.53112036,0.48347497,1.1950208],"tintindex":0,"rotation":0,"texture":"#0"},"north":{"uv":[0.12086874,0.53112036,0.24173748,1.1950208],"tintindex":0,"rotation":0,"texture":"#0"},"west":{"uv":[0.24173748,0.53112036,0.36260623,1.1950208],"tintindex":0,"rotation":0,"texture":"#0"},"up":{"uv":[0.25684607,0.53112036,0.12086874,0.0],"tintindex":0,"rotation":0,"texture":"#0"},"down":{"uv":[0.36260623,0.0,0.25684607,0.53112036],"tintindex":0,"rotation":0,"texture":"#0"}}}],"display":{"gui":{"rotation":[30,225,0]}}}