{"textures":{"1":"modelengine:entity/castle"},"elements":[{"from":[-14.32,24.12,4.9],"to":[-6.88,31.56,11.1],"faces":{"east":{"uv":[0.0,10.6,0.016,10.65],"tintindex":0,"rotation":0,"texture":"#1"},"down":{"uv":[0.0,10.6,0.016,10.65],"tintindex":0,"rotation":0,"texture":"#1"}}},{"from":[-3.1599998,31.56,11.1],"to":[-14.32,20.4,4.9],"faces":{"east":{"uv":[0.91199994,10.75,0.92800003,10.9],"tintindex":0,"rotation":0,"texture":"#1"},"south":{"uv":[0.88,10.75,0.92800003,10.9],"tintindex":0,"rotation":0,"texture":"#1"},"north":{"uv":[0.92800003,10.75,0.88,10.9],"tintindex":0,"rotation":0,"texture":"#1"},"west":{"uv":[0.0,10.6,0.016,10.65],"tintindex":0,"rotation":0,"texture":"#1"},"up":{"uv":[0.0,10.6,0.016,10.65],"tintindex":0,"rotation":0,"texture":"#1"},"down":{"uv":[0.88,10.9,0.92800003,10.85],"tintindex":0,"rotation":0,"texture":"#1"}}},{"from":[-13.700001,21.02,5.52],"to":[-3.7799997,30.94,10.48],"faces":{"south":{"uv":[6.8479996,0.8,6.3359995,2.4],"tintindex":0,"rotation":0,"texture":"#1"},"north":{"uv":[6.3359995,0.8,6.8479996,2.4],"tintindex":0,"rotation":0,"texture":"#1"},"up":{"uv":[6.8479996,0.8,6.3359995,0.0],"tintindex":0,"rotation":0,"texture":"#1"},"down":{"uv":[6.8479996,3.2,6.3359995,2.4],"tintindex":0,"rotation":0,"texture":"#1"}}}],"display":{"gui":{"rotation":[30,225,0]}}}