{"textures":{"0":"modelengine:entity/stiched_texture copy"},"elements":[{"from":[6.0,-4.0,6.0],"to":[10.0,8.0,10.0],"faces":{"east":{"uv":[0.18130311,1.7261412,0.12086874,2.5228217],"tintindex":0,"rotation":0,"texture":"#0"},"south":{"uv":[0.24173748,1.7261412,0.18130311,2.5228217],"tintindex":0,"rotation":0,"texture":"#0"},"north":{"uv":[0.12086874,1.7261412,0.06043437,2.5228217],"tintindex":0,"rotation":0,"texture":"#0"},"west":{"uv":[0.06043437,1.7261412,0.0,2.5228217],"tintindex":0,"rotation":0,"texture":"#0"},"up":{"uv":[0.06043437,1.7261412,0.13597733,1.460581],"tintindex":0,"rotation":0,"texture":"#0"},"down":{"uv":[0.13597733,1.460581,0.18130311,1.7261412],"tintindex":0,"rotation":0,"texture":"#0"}}}],"display":{"gui":{"rotation":[30,225,0]}}}