{"textures":{"0":"modelengine:entity/stiched_texture copy"},"elements":[{"from":[-0.6000004,9.4,5.0],"to":[7.4,10.4,16.0],"faces":{"east":{"uv":[1.2540132,1.2614108,1.0122757,1.3278009],"tintindex":0,"rotation":0,"texture":"#0"},"south":{"uv":[1.1331445,1.1950208,1.0122757,1.2614108],"tintindex":0,"rotation":0,"texture":"#0"},"north":{"uv":[1.2540132,1.1950208,1.1331445,1.2614108],"tintindex":0,"rotation":0,"texture":"#0"},"west":{"uv":[1.2540132,1.3278009,1.0122757,1.3941909],"tintindex":0,"rotation":0,"texture":"#0"},"up":{"uv":[1.0122757,1.1950208,1.1482531,0.13278009],"tintindex":0,"rotation":0,"texture":"#0"},"down":{"uv":[1.1482531,0.13278009,1.2540132,0.8630706],"tintindex":0,"rotation":0,"texture":"#0"}},"rotation":{"origin":[8.0,8.0,8.0],"angle":-22.5,"axis":"z"}},{"from":[0.4000001,10.0,6.0],"to":[7.4,11.0,15.0],"faces":{"east":{"uv":[1.2540132,2.3900416,1.0424929,2.4564316],"tintindex":0,"rotation":0,"texture":"#0"},"south":{"uv":[1.2540132,2.3236516,1.1482531,2.3900416],"tintindex":0,"rotation":0,"texture":"#0"},"north":{"uv":[1.1482531,2.3236516,1.0424929,2.3900416],"tintindex":0,"rotation":0,"texture":"#0"},"west":{"uv":[1.2540132,2.4564316,1.0424929,2.5228217],"tintindex":0,"rotation":0,"texture":"#0"},"up":{"uv":[1.0424929,1.9917014,1.1633617,1.3941909],"tintindex":0,"rotation":0,"texture":"#0"},"down":{"uv":[1.1633617,1.3941909,1.2540132,2.3236516],"tintindex":0,"rotation":0,"texture":"#0"}},"rotation":{"origin":[8.0,8.0,8.0],"angle":-22.5,"axis":"z"}},{"from":[7.0,9.0,5.0],"to":[9.0,10.0,16.0],"faces":{"east":{"uv":[1.0122757,0.0,1.2540132,0.066390045],"tintindex":0,"rotation":0,"texture":"#0"},"south":{"uv":[1.2842304,0.0,1.3144475,0.066390045],"tintindex":0,"rotation":0,"texture":"#0"},"north":{"uv":[1.2540132,0.0,1.2842304,0.066390045],"tintindex":0,"rotation":0,"texture":"#0"},"west":{"uv":[1.0122757,0.066390045,1.2540132,0.13278009],"tintindex":0,"rotation":0,"texture":"#0"},"up":{"uv":[1.2993389,1.1286308,1.2540132,0.066390045],"tintindex":0,"rotation":0,"texture":"#0"},"down":{"uv":[1.3144475,0.066390045,1.2993389,1.1286308],"tintindex":0,"rotation":0,"texture":"#0"}}},{"from":[8.6,9.4,5.0],"to":[16.6,10.4,16.0],"faces":{"east":{"uv":[1.0122757,1.3278009,1.2540132,1.3941909],"tintindex":0,"rotation":0,"texture":"#0"},"south":{"uv":[1.0122757,1.1950208,1.1331445,1.2614108],"tintindex":0,"rotation":0,"texture":"#0"},"north":{"uv":[1.1331445,1.1950208,1.2540132,1.2614108],"tintindex":0,"rotation":0,"texture":"#0"},"west":{"uv":[1.0122757,1.2614108,1.2540132,1.3278009],"tintindex":0,"rotation":0,"texture":"#0"},"up":{"uv":[1.1482531,1.1950208,1.0122757,0.13278009],"tintindex":0,"rotation":0,"texture":"#0"},"down":{"uv":[1.2540132,0.13278009,1.1482531,0.8630706],"tintindex":0,"rotation":0,"texture":"#0"}},"rotation":{"origin":[8.0,8.0,8.0],"angle":22.5,"axis":"z"}},{"from":[8.6,10.0,6.0],"to":[15.6,11.0,15.0],"faces":{"east":{"uv":[1.0424929,2.4564316,1.2540132,2.5228217],"tintindex":0,"rotation":0,"texture":"#0"},"south":{"uv":[1.1482531,2.3236516,1.2540132,2.3900416],"tintindex":0,"rotation":0,"texture":"#0"},"north":{"uv":[1.0424929,2.3236516,1.1482531,2.3900416],"tintindex":0,"rotation":0,"texture":"#0"},"west":{"uv":[1.0424929,2.3900416,1.2540132,2.4564316],"tintindex":0,"rotation":0,"texture":"#0"},"up":{"uv":[1.1633617,1.9917014,1.0424929,1.3941909],"tintindex":0,"rotation":0,"texture":"#0"},"down":{"uv":[1.2540132,1.3941909,1.1633617,2.3236516],"tintindex":0,"rotation":0,"texture":"#0"}},"rotation":{"origin":[8.0,8.0,8.0],"angle":22.5,"axis":"z"}}],"display":{"gui":{"rotation":[30,225,0]}}}