{"textures":{"0":"modelengine:entity/stiched_texture copy"},"elements":[{"from":[7.0,5.0,2.0],"to":[9.0,9.0,4.0],"faces":{"east":{"uv":[0.36260623,0.13278009,0.3928234,0.39834028],"tintindex":0,"rotation":0,"texture":"#0"},"south":{"uv":[0.4532578,0.13278009,0.48347497,0.39834028],"tintindex":0,"rotation":0,"texture":"#0"},"north":{"uv":[0.3928234,0.13278009,0.4230406,0.39834028],"tintindex":0,"rotation":0,"texture":"#0"},"west":{"uv":[0.4230406,0.13278009,0.4532578,0.39834028],"tintindex":0,"rotation":0,"texture":"#0"},"up":{"uv":[0.43814918,0.13278009,0.3928234,0.0],"tintindex":0,"rotation":0,"texture":"#0"},"down":{"uv":[0.4532578,0.0,0.43814918,0.13278009],"tintindex":0,"rotation":0,"texture":"#0"}}}],"display":{"gui":{"rotation":[30,225,0]}}}